,date,spot,option_price
0,2025-04-01 00:04:46.187,82372.42496571247,33173.69026355291
1,2025-04-01 01:02:14.101,82553.23623643283,33344.429807162494
2,2025-04-01 02:04:52.542,82632.17739877684,33419.0130760777
3,2025-04-01 03:04:44.960,82687.62921124356,33471.41791531813
4,2025-04-01 04:04:44.186,83099.7132171393,33861.22152067853
5,2025-04-01 05:04:36.544,82938.776894528,33708.91104007388
6,2025-04-01 06:04:34.613,83037.21355746588,33802.060290814756
7,2025-04-01 07:04:46.868,82965.36899692599,33734.07122191731
8,2025-04-01 08:04:35.765,83434.03386130522,34177.92788227205
9,2025-04-01 09:04:53.710,83460.19817794718,34202.73083455405
10,2025-04-01 10:09:44.944,84301.95269620928,35001.98096064613
11,2025-04-01 11:04:44.581,84370.26093529824,35066.9477317724
12,2025-04-01 12:04:49.221,84194.93109759485,34900.22658154972
13,2025-04-01 13:01:34.929,83889.52404655488,34610.06765105879
14,2025-04-01 14:09:32.720,83589.39097506716,34325.23765444834
15,2025-04-01 15:04:39.019,83619.87350890883,34354.15137546576
16,2025-04-01 16:06:18.541,84281.84680860782,34982.861627506056
17,2025-04-01 17:04:48.622,85311.29137218822,35963.52471705909
18,2025-04-01 18:04:45.615,85089.10675897203,35751.5749969705
19,2025-04-01 19:04:56.957,85253.00123334384,35907.90440484378
20,2025-04-01 20:04:40.475,85133.05972535553,35793.490699886344
21,2025-04-01 21:05:45.976,84929.06237244017,35599.00170124463
22,2025-04-01 22:04:51.962,85245.22438987631,35900.484579091375
23,2025-04-01 23:04:42.548,85244.43181925929,35899.728404495516
24,2025-04-02 00:04:52.481,85073.12003223266,35736.33081768273
25,2025-04-02 01:04:51.597,85151.38359873935,35810.967082492134
26,2025-04-02 02:04:54.025,84981.39412820044,35648.88137894569
27,2025-04-02 03:04:56.429,85152.65632409418,35812.18098362429
28,2025-04-02 04:04:59.886,84728.41789937182,35407.84186589874
29,2025-04-02 05:09:44.525,84650.3303317548,35333.481490883154
30,2025-04-02 06:04:41.614,84580.70592294853,35267.19742885707
31,2025-04-02 07:04:49.985,84083.22112364328,34794.05650000625
32,2025-04-02 08:04:49.860,84126.51474147492,34835.19800923455
33,2025-04-02 09:04:34.459,84416.00027025993,35110.458462542854
34,2025-04-02 10:04:43.251,84665.33194165595,35347.76548853673
35,2025-04-02 11:04:51.032,85021.65957232645,35687.26619722367
36,2025-04-02 12:00:28.903,84844.77000604966,35518.67779040497
37,2025-04-02 13:09:32.518,84597.15150833085,35282.85255075755
38,2025-04-02 14:09:30.048,84938.61029698861,35608.10157826606
39,2025-04-02 15:04:58.557,85461.5657413444,36106.96593125223
40,2025-04-02 16:07:35.023,86036.13444049208,36656.0580603231
41,2025-04-02 17:09:25.304,86617.24415685238,37212.41850812659
42,2025-04-02 18:04:57.119,87106.00781966242,37681.129037840925
43,2025-04-02 19:03:23.992,86612.92096605808,37208.275760769415
44,2025-04-02 20:04:56.151,86317.97978903714,36925.77440388819
45,2025-04-02 21:04:30.944,86412.29967901438,37016.08826129266
46,2025-04-02 22:02:08.126,85654.66996320832,36291.39381385886
47,2025-04-02 23:04:58.273,84604.64636587836,35289.98746473382
48,2025-04-03 00:05:43.323,82670.64635520295,33455.36699323475
49,2025-04-03 01:00:33.025,82526.4221526433,33319.10140195956
50,2025-04-03 02:04:57.817,83067.24275015933,33830.4836647012
51,2025-04-03 03:04:49.283,83776.68744254543,34502.94696101455
52,2025-04-03 04:03:06.659,83783.75496624704,34509.65515267597
53,2025-04-03 05:04:32.946,83487.8420491959,34228.939039444835
54,2025-04-03 06:04:24.002,83564.27184811681,34301.41380302992
55,2025-04-03 07:04:54.873,83409.39729897068,34154.575453134195
56,2025-04-03 08:04:36.116,83003.67579388311,33770.31992149512
57,2025-04-03 09:03:27.563,83494.99176119595,34235.71788362653
58,2025-04-03 10:04:53.534,83710.89586871512,34440.50887914571
59,2025-04-03 11:02:13.103,83575.16343053042,34311.74348047264
60,2025-04-03 12:04:34.260,83230.13519692069,33984.72338279975
61,2025-04-03 13:04:25.956,83050.51017309572,33814.64545431825
62,2025-04-03 14:07:16.129,81957.14755593218,32782.02746248343
63,2025-04-03 15:09:22.246,81974.59932693769,32798.47313935473
64,2025-04-03 16:07:10.424,81476.42191638195,32329.497886016034
65,2025-04-03 17:09:41.555,82305.22481184445,33110.26558755514
66,2025-04-03 18:04:45.474,81831.40669422467,32663.571529160763
67,2025-04-03 19:04:56.196,81883.96787174862,32713.07981998784
68,2025-04-03 20:04:23.432,82023.69651873449,32844.74637916653
69,2025-04-03 21:04:39.573,82010.58295485632,32832.386138243426
70,2025-04-03 22:04:54.534,82337.19466168135,33140.43710033279
71,2025-04-03 23:04:26.624,82763.14038772575,33542.79865812269
72,2025-04-04 00:04:50.984,82654.29602655036,33439.914924346136
73,2025-04-04 01:05:40.782,83208.52796536,33964.258300172376
74,2025-04-04 02:04:43.728,83029.72559074209,33794.97326573213
75,2025-04-04 03:04:47.660,82676.67638736672,33461.066002027284
76,2025-04-04 04:04:33.317,82870.73001816859,33644.540356099016
77,2025-04-04 05:04:43.226,82793.26810143121,33571.28441417624
78,2025-04-04 06:04:52.661,82709.74394735025,33492.320746755526
79,2025-04-04 07:08:04.340,83155.70194321594,33914.231852195364
80,2025-04-04 08:04:33.552,83064.77766424145,33828.15027404541
81,2025-04-04 09:04:50.551,84003.03159736587,34717.87029512455
82,2025-04-04 10:04:49.047,84375.94429798229,35072.35379262776
83,2025-04-04 11:04:35.357,84613.64673947358,35298.55583951791
84,2025-04-04 12:04:36.527,82548.3231829159,33339.78876324436
85,2025-04-04 13:02:51.787,82701.99933626983,33485.000335271856
86,2025-04-04 14:02:03.133,82809.93939073119,33587.04859078597
87,2025-04-04 15:09:32.286,83238.43488678202,33992.58480916336
88,2025-04-04 16:09:36.258,83111.34435575195,33872.23297412729
89,2025-04-04 17:05:00.114,82881.13400156828,33654.3811478146
90,2025-04-04 18:04:54.284,83345.06970919853,34093.61117501531
91,2025-04-04 19:03:53.933,84430.20296834389,35123.970588211065
92,2025-04-04 20:04:58.705,83881.50017713505,34602.44876634794
93,2025-04-04 21:04:40.257,84003.03688086948,34717.875314123485
94,2025-04-04 22:07:01.180,83997.83057459719,34712.92969489188
95,2025-04-04 23:04:52.147,84162.25073278768,34869.16244736186
96,2025-04-05 00:04:43.435,84032.71900547225,34746.07301207527
97,2025-04-05 01:06:50.663,83733.5293123474,34461.986935327994
98,2025-04-05 02:04:30.834,83784.56595678756,34510.424921533224
99,2025-04-05 03:04:50.860,83958.723779881,34675.78404738798
100,2025-04-05 04:04:35.072,83944.75551931879,34662.51756582673
101,2025-04-05 05:07:37.484,83616.73180229477,34351.17120649235
102,2025-04-05 06:04:42.964,83658.77387416866,34391.05450860511
103,2025-04-05 07:04:43.450,83674.19259061506,34405.68308404002
104,2025-04-05 08:04:46.421,83455.56861802349,34198.341976984295
105,2025-04-05 09:04:41.783,83491.71149443637,34232.60774709529
106,2025-04-05 10:04:49.330,83508.26233301332,34248.30057541005
107,2025-04-05 11:04:55.829,83853.69411353327,34576.04789072921
108,2025-04-05 12:09:36.812,83642.02603878912,34375.16588396665
109,2025-04-05 13:09:25.025,83422.40556286192,34166.90541304357
110,2025-04-05 14:02:26.968,83241.35572383246,33995.35147195438
111,2025-04-05 15:04:54.912,82718.10761381598,33500.22656114591
112,2025-04-05 16:04:41.892,82907.99227530952,33679.78739577213
113,2025-04-05 17:04:48.270,82623.6290432163,33410.93547794971
114,2025-04-05 18:02:29.563,82734.08954677006,33515.33433234224
115,2025-04-05 19:04:45.253,82819.72161473092,33596.29903494344
116,2025-04-05 20:02:14.339,83065.2030025991,33828.55288743251
117,2025-04-05 21:04:46.036,82842.65807273751,33617.990036175106
118,2025-04-05 22:04:56.430,83048.82025070609,33813.04591699639
119,2025-04-05 23:04:59.759,82909.58127927136,33681.290578786386
120,2025-04-06 00:04:48.207,83167.51792928776,33925.420746646094
121,2025-04-06 01:04:52.197,83514.33824375339,34254.06175258454
122,2025-04-06 02:04:52.044,83478.3555807481,34219.94493434839
123,2025-04-06 03:00:54.662,83397.09190766429,34142.912278568496
124,2025-04-06 04:04:43.792,83276.1107612312,34028.274383526164
125,2025-04-06 05:04:48.480,83315.28334221698,34065.387250592656
126,2025-04-06 06:04:45.972,83466.04551371699,34208.274263197054
127,2025-04-06 07:04:53.790,83417.47028660915,34162.22741021073
128,2025-04-06 08:04:52.241,83089.49111405638,33851.544444507446
129,2025-04-06 09:02:20.660,82975.83411105986,33743.973537787395
130,2025-04-06 10:04:53.547,83007.51033558365,33773.94874652934
131,2025-04-06 11:04:52.140,83027.183569238,33792.567403547124
132,2025-04-06 12:01:41.891,82814.296001643,33591.16832375646
133,2025-04-06 13:03:54.727,82806.57594457337,33583.86807103702
134,2025-04-06 14:04:42.431,82640.53404661184,33426.90979297755
135,2025-04-06 15:04:54.271,82259.21568163771,33066.85150719513
136,2025-04-06 16:04:39.677,82583.11633305943,33372.65759220499
137,2025-04-06 17:05:36.876,82409.48424398851,33208.67495155606
138,2025-04-06 18:03:35.595,81902.07701788642,32730.13970595601
139,2025-04-06 19:09:47.199,80308.20456629425,31233.82561941167
140,2025-04-06 20:09:38.060,78970.01327663523,29986.222258499576
141,2025-04-06 21:09:29.486,79727.02415711907,30690.96763812661
142,2025-04-06 22:04:43.760,78831.61045651248,29857.671794452195
143,2025-04-06 23:04:34.872,78898.16417534047,29919.476155811186
144,2025-04-07 00:09:37.698,77918.79195001676,29012.223302952123
145,2025-04-07 01:04:25.632,78366.83212378949,29426.670667914907
146,2025-04-07 02:09:36.560,78387.6912670073,29445.99076905367
147,2025-04-07 03:43:31.760,78393.60272692906,29451.466465066267
148,2025-04-07 04:27:53.990,78102.0875366474,29181.651498682084
149,2025-04-07 05:00:32.190,77583.13554332654,28702.415441623307
150,2025-04-07 06:07:04.098,76710.56508400357,27899.873437704227
151,2025-04-07 07:04:01.885,76867.82910572468,28044.20703509709
152,2025-04-07 08:04:51.241,74773.2587934775,26133.70039471928
153,2025-04-07 09:04:57.434,75161.94887573915,26486.233441732038
154,2025-04-07 10:04:54.764,76178.35448995476,27412.460985975704
155,2025-04-07 11:01:14.412,76233.23187588078,27462.64394363737
156,2025-04-07 12:04:03.946,76919.88747388404,28092.01547920853
157,2025-04-07 13:04:51.597,76790.25609208614,27972.994882947612
158,2025-04-07 14:04:57.142,77203.88350041474,28353.08995154594
159,2025-04-07 15:02:14.119,78421.18308496752,29477.01606049473
160,2025-04-07 16:06:30.802,79250.75260353838,30247.26154226777
161,2025-04-07 17:04:41.116,78444.4226404733,29498.54744085618
162,2025-04-07 18:04:48.804,77421.74966092409,28553.669952014803
163,2025-04-07 19:04:51.047,79063.49516004637,30073.102191396734
164,2025-04-07 20:04:58.978,78467.73933090719,29520.153012794195
165,2025-04-07 21:04:38.720,78046.94250227706,29130.660269762295
166,2025-04-07 22:01:51.833,78824.84561495368,29851.390913591764
167,2025-04-07 23:04:41.932,79172.2817090801,30174.25899092744
168,2025-04-08 00:04:50.992,79898.18473633853,30850.682628509014
169,2025-04-08 01:25:35.422,79462.14204389678,30444.065622189242
170,2025-04-08 02:04:42.940,78928.09866658547,29947.28153217634
171,2025-04-08 03:04:33.216,80678.70925924664,31580.687137022556
172,2025-04-08 04:06:03.716,79900.64902994683,30852.983114386378
173,2025-04-08 05:04:58.540,79875.47993646495,30829.488378850285
174,2025-04-08 06:09:37.246,80007.32341078427,30952.59310669401
175,2025-04-08 07:04:47.463,79799.90914623915,30758.962318720492
176,2025-04-08 08:05:32.514,79411.29383844102,30396.706525998532
177,2025-04-08 09:04:59.881,79446.76021326096,30429.737980274775
178,2025-04-08 10:07:43.185,79090.38478456163,30098.100614635252
179,2025-04-08 11:05:19.110,78932.56330430893,29951.42899288432
180,2025-04-08 12:03:54.774,78970.69563692114,29986.856275241793
181,2025-04-08 13:09:47.980,79860.58407289122,30815.584817802635
182,2025-04-08 14:05:56.148,79830.81203946835,30787.799123063247
183,2025-04-08 15:04:52.051,79839.36409691784,30795.78018607045
184,2025-04-08 16:04:43.127,78772.54353637139,29802.838132455407
185,2025-04-08 17:09:32.391,78407.02418753588,29463.899214966405
186,2025-04-08 18:07:11.033,77348.32262284741,28486.04019709151
187,2025-04-08 19:09:49.532,77268.01412263024,28412.105586231628
188,2025-04-08 20:09:43.743,77152.06625886497,28305.421942834662
189,2025-04-08 21:04:48.179,76748.49569818853,27934.67269135709
190,2025-04-08 22:04:53.120,76989.32782724098,28155.810259986618
191,2025-04-08 23:01:03.759,77011.48228778424,28176.16914510411
192,2025-04-09 00:01:32.604,76617.7575009251,27814.761707794583
193,2025-04-09 01:05:21.509,76300.77843824399,27524.43625206231
194,2025-04-09 02:01:07.034,76436.39359258307,27648.577772111363
195,2025-04-09 03:04:58.560,76006.86998159163,27255.759051041023
196,2025-04-09 04:09:33.036,75658.78700635744,26938.215545095714
197,2025-04-09 05:04:51.829,75101.3997278555,26431.254546542696
198,2025-04-09 06:04:51.344,76346.08636985684,27565.899179874934
199,2025-04-09 07:04:49.838,76610.86422122183,27808.44197597861
200,2025-04-09 08:00:45.626,76915.69399121219,28088.16378568705
201,2025-04-09 09:05:21.722,77711.09591952938,28820.451844798816
202,2025-04-09 10:04:46.936,77268.17847587695,28412.256859524525
203,2025-04-09 11:33:46.596,77316.05556408654,28456.32990608673
204,2025-04-09 12:04:44.447,77214.3488944691,28362.71911129818
205,2025-04-09 13:04:44.301,76129.73403043275,27368.014337364926
206,2025-04-09 14:04:41.476,76829.34847591358,28008.87756068304
207,2025-04-09 15:09:36.107,77860.31844171116,28958.21029872857
208,2025-04-09 16:04:59.204,77023.89133348042,28187.57364413418
209,2025-04-09 17:04:53.788,77141.99408276133,28296.157990508553
210,2025-04-09 18:05:55.304,78095.08055640166,29175.171452609553
211,2025-04-09 19:04:38.303,81841.29813646984,32672.887604238727
212,2025-04-09 20:04:51.159,81938.0185184143,32764.002608150207
213,2025-04-09 21:00:17.560,82328.13489688843,33131.886552963944
214,2025-04-09 22:05:41.946,83004.7027605787,33771.29178780899
215,2025-04-09 23:04:42.421,83315.43959137528,34065.53529528703
216,2025-04-10 00:04:59.794,83058.34775924393,33822.06398750313
217,2025-04-10 01:04:50.148,82595.42668033838,33384.288194295936
218,2025-04-10 02:04:28.190,82182.12470713933,32994.127239444926
219,2025-04-10 03:09:17.592,82285.79183047339,33091.92767613354
220,2025-04-10 04:06:01.380,82121.20904532197,32936.67855704604
221,2025-04-10 05:44:15.952,81720.2016936257,32558.86224615096
222,2025-04-10 06:49:12.494,82128.18344703503,32943.25527421731
223,2025-04-10 07:19:44.095,82189.87168997104,33001.43435287752
224,2025-04-10 09:30:56.064,81696.40122795808,32536.45850874816
225,2025-04-10 09:47:37.956,81618.62070888275,32463.25857416939
226,2025-04-10 10:01:00.271,81532.13745973041,32381.897386340126
227,2025-04-10 11:57:30.741,81656.71640958315,32499.107701335313
228,2025-04-10 12:26:28.733,81549.5629152091,32398.288339530554
229,2025-04-10 13:07:59.873,81773.4962941072,32609.037571066925
230,2025-04-10 14:04:57.964,81658.41593509233,32500.707140323815
231,2025-04-10 15:04:33.966,81024.51565768477,31904.96410217863
232,2025-04-10 16:04:57.212,81329.67668040557,32191.54780004156
233,2025-04-10 17:05:00.136,78835.58867030361,29861.365509184252
234,2025-04-10 18:06:06.973,79368.23940861579,30356.615942101118
235,2025-04-10 19:08:31.092,79297.99031979717,30291.221597776595
236,2025-04-10 20:05:30.902,79529.67606306932,30506.984363802156
237,2025-04-10 21:09:28.195,79724.89465979146,30688.981390422363
238,2025-04-10 22:08:37.278,79878.62357184727,30832.42272762274
239,2025-04-10 23:05:26.534,79709.36877328751,30674.500551546385
240,2025-04-11 00:04:40.889,79715.508089801,30680.22649739909
241,2025-04-11 01:04:58.587,79556.41318002685,30531.90016755132
242,2025-04-11 02:07:39.334,79086.09032816654,30094.10796217437
243,2025-04-11 03:04:58.214,80069.49594573223,31010.672162640767
244,2025-04-11 04:04:42.488,80322.94507383362,31247.61392517406
245,2025-04-11 05:04:42.416,80758.214835068,31655.197303022273
246,2025-04-11 06:04:43.780,80822.59872142244,31715.555887574956
247,2025-04-11 07:00:59.145,80747.36408765496,31645.026707470155
248,2025-04-11 08:04:38.895,81065.03226648102,31942.991614454455
249,2025-04-11 09:04:56.499,81251.15450032747,32117.76853167494
250,2025-04-11 10:04:29.374,81531.54534166763,32381.34044259315
251,2025-04-11 11:04:55.196,82296.44406983381,33101.97946778997
252,2025-04-11 12:04:57.441,82622.7737499299,33410.127300944136
253,2025-04-11 13:04:48.038,82096.00775002626,32912.9158537991
254,2025-04-11 14:02:57.840,82039.16991257631,32859.33176469781
255,2025-04-11 15:04:51.767,82687.66283280615,33471.449692984475
256,2025-04-11 16:04:50.011,81969.68431773817,32793.84135757982
257,2025-04-11 17:06:57.101,82480.3838471879,33275.62036332592
258,2025-04-11 18:04:59.237,82782.29915850204,33560.91288115505
259,2025-04-11 19:04:08.640,83874.22618739116,34595.542108001944
260,2025-04-11 20:04:37.606,83625.9499325832,34359.91546656068
261,2025-04-11 21:04:51.501,83820.09298809218,34544.14843136168
262,2025-04-11 22:04:56.671,83849.48096887217,34572.04789533626
263,2025-04-11 23:02:50.679,83687.0262905728,34417.859757951745
264,2025-04-12 00:02:04.630,83403.67277102497,34149.14961937588
265,2025-04-12 01:04:54.651,83437.92254404748,34181.61407533972
266,2025-04-12 02:04:53.658,83339.31246065375,34088.15567118175
267,2025-04-12 03:02:29.713,83170.65968986193,33928.39585580796
268,2025-04-12 04:09:03.694,82861.85819962031,33636.14911027503
269,2025-04-12 05:04:58.092,82961.51750754256,33730.42696263161
270,2025-04-12 06:04:49.346,83199.96650893788,33956.14987201256
271,2025-04-12 07:03:58.541,83303.79275397805,34054.50026360868
272,2025-04-12 08:04:51.887,83549.9107448874,34287.79424919547
273,2025-04-12 09:04:44.290,83704.62816108475,34434.56144514787
274,2025-04-12 10:09:09.084,83666.1312703991,34398.03476538198
275,2025-04-12 11:04:51.899,83500.54104423865,34240.97944258206
276,2025-04-12 12:09:34.402,83447.195072062,34190.40398888538
277,2025-04-12 13:08:15.164,83502.21970476018,34242.571088256795
278,2025-04-12 14:02:26.489,83737.13579117409,34465.40947890919
279,2025-04-12 15:08:09.344,84428.14749494086,35122.015015132776
280,2025-04-12 16:04:04.998,84884.66465071926,35556.69130840186
281,2025-04-12 17:01:23.512,85008.74302161673,35674.952349187064
282,2025-04-12 18:08:42.553,84687.53545478488,35368.90825435015
283,2025-04-12 19:04:51.875,84749.20272127507,35427.638014577904
284,2025-04-12 20:04:58.709,85106.24814466636,35767.92112113951
285,2025-04-12 21:05:42.931,84904.11727218305,35575.228584439494
286,2025-04-12 22:04:59.076,85528.04428969568,36170.44435968989
287,2025-04-12 23:04:56.253,85384.6852677325,36033.57237137824
288,2025-04-13 00:01:23.055,85369.94860925588,36019.506228686805
289,2025-04-13 01:04:57.196,85296.72976736756,35949.62905341382
290,2025-04-13 02:04:38.189,85464.59019442675,36109.85359155329
291,2025-04-13 03:04:44.176,85337.18790410843,35988.23859794009
292,2025-04-13 04:03:29.974,85232.85128493622,35888.6798946132
293,2025-04-13 05:04:44.025,85422.0967425296,36069.284716936745
294,2025-04-13 06:04:44.265,84667.07071059634,35349.421130675124
295,2025-04-13 07:04:29.714,84515.92251627243,35205.53666850479
296,2025-04-13 08:04:52.815,84710.09360463546,35390.390390378794
297,2025-04-13 09:04:57.053,84457.0360990321,35149.50088073794
298,2025-04-13 10:04:49.008,84585.13863461434,35271.41699153004
299,2025-04-13 11:04:51.436,84881.3367521123,35553.52012857667
300,2025-04-13 12:04:58.068,84668.81761593616,35351.08453034935
301,2025-04-13 13:04:52.052,84446.94289624105,35139.89745161717
302,2025-04-13 14:06:45.645,84436.51740072019,35129.978215155366
303,2025-04-13 15:04:53.012,83648.98919141645,34381.77168615165
304,2025-04-13 16:04:37.889,84031.22500638437,34744.653655970294
305,2025-04-13 17:08:50.699,83980.12231485195,34696.10881819533
306,2025-04-13 18:04:42.972,84210.62712650532,34915.147655507186
307,2025-04-13 19:04:50.275,84771.87106577087,35449.229720151445
308,2025-04-13 20:04:52.667,84731.50450347898,35410.781558903815
309,2025-04-13 21:08:15.724,84017.0882151789,34731.223548674076
310,2025-04-13 22:04:38.302,83438.00410089483,34181.69138598154
311,2025-04-13 23:04:40.265,83574.27265943393,34310.898648991395
312,2025-04-14 00:04:57.456,83330.90244768845,34080.18665421555
313,2025-04-14 01:04:41.854,83637.28172222206,34370.66514561709
314,2025-04-14 02:05:22.825,84420.85655994239,35115.078549997816
315,2025-04-14 03:04:49.454,84188.62885806532,34894.235738269206
316,2025-04-14 04:04:38.071,85142.12257679901,35802.13425360941
317,2025-04-14 05:04:32.362,84520.33459198069,35209.73562976244
318,2025-04-14 06:04:31.796,84908.86594967128,35579.75400037438
319,2025-04-14 07:09:31.682,84464.7604669509,35156.85065495002
320,2025-04-14 08:04:41.459,84551.38712005342,35239.29008934629
321,2025-04-14 09:04:30.453,84555.6272692444,35243.325931643114
322,2025-04-14 10:04:32.487,84723.07963389653,35402.75775683919
323,2025-04-14 11:04:27.572,84428.69559111315,35122.53647128452
324,2025-04-14 12:06:33.757,84626.70459097729,35310.987422285754
325,2025-04-14 13:07:53.170,84887.52973148914,35559.42149465919
326,2025-04-14 14:04:51.736,85104.2026773784,35765.97050190663
327,2025-04-14 15:04:54.942,84446.0708102059,35139.06769977123
328,2025-04-14 16:02:20.879,85667.64514540603,36303.79018378153
329,2025-04-14 17:06:17.528,84158.074707306,34865.193214669824
330,2025-04-14 18:00:49.882,84437.69989177307,35131.10326633828
331,2025-04-14 19:04:56.944,84802.421103376,35478.33145835842
332,2025-04-14 20:02:22.638,84947.04782692718,35616.14341487976
333,2025-04-14 21:01:01.748,84916.65944245027,35587.18123783206
334,2025-04-14 22:04:56.391,84872.47644905868,35545.07725551527
335,2025-04-14 23:01:39.241,84678.29714727977,35360.11109743202
336,2025-04-15 00:04:44.792,84516.57227578854,35206.15503888368
337,2025-04-15 01:04:53.349,84590.22055897689,35276.254630012874
338,2025-04-15 02:04:56.920,84805.40623454058,35481.17523703119
339,2025-04-15 03:04:59.782,84973.75743867172,35641.60196113898
340,2025-04-15 04:00:02.574,84909.8088011936,35580.65253201476
341,2025-04-15 05:00:35.753,85264.26252155572,35918.64905463684
342,2025-04-15 06:09:19.420,85540.8011230295,36182.62707491738
343,2025-04-15 07:03:03.179,85650.19655642175,36287.120083414244
344,2025-04-15 08:08:57.818,85470.69141248541,36115.678945711035
345,2025-04-15 09:11:03.987,85718.22005374837,36352.11397471708
346,2025-04-15 10:01:32.707,85822.84294330432,36452.10514436333
347,2025-04-15 11:01:20.979,85917.26834462702,36542.37916941161
348,2025-04-15 12:04:57.184,85620.89303105656,36259.12609914498
349,2025-04-15 13:04:49.151,85568.11153809096,36208.710105297396
350,2025-04-15 14:04:40.862,85750.21230099528,36382.686319741246
351,2025-04-15 15:05:22.214,85643.31333199244,36280.544222245204
352,2025-04-15 16:04:45.603,85196.52851347838,35854.02862228785
353,2025-04-15 17:04:46.254,84872.39518339455,35544.99981966105
354,2025-04-15 18:04:31.616,84883.0020095308,35555.10696046697
355,2025-04-15 19:04:46.647,84514.06417495162,35203.76810934847
356,2025-04-15 20:07:51.019,84190.93368373165,34896.42666573937
357,2025-04-15 21:04:53.664,84067.51559465779,34779.13328748599
358,2025-04-15 22:04:49.187,83969.38654754977,34685.91156510192
359,2025-04-15 23:04:53.611,84088.84019229886,34799.3958814279
360,2025-04-16 00:04:53.080,83820.92705842877,34544.94021371648
361,2025-04-16 01:04:51.853,83641.90418930881,34375.05028936411
362,2025-04-16 02:04:50.547,83276.55042310501,34028.69089670776
363,2025-04-16 03:04:50.694,83588.3328373832,34324.2340344364
364,2025-04-16 04:04:54.175,83852.32880812319,34574.75165132796
365,2025-04-16 05:04:32.471,83691.3161157112,34421.930094332536
366,2025-04-16 06:07:55.560,83630.30378934758,34364.04561288958
367,2025-04-16 07:07:37.368,83362.81469972755,34110.42688543334
368,2025-04-16 08:04:40.714,83671.63968678997,34403.26094685734
369,2025-04-16 09:09:22.659,83268.76104504136,34021.31174265677
370,2025-04-16 10:07:08.037,83791.12089609494,34516.6467662317
371,2025-04-16 11:00:24.816,83684.21939217026,34415.19650977423
372,2025-04-16 12:04:59.970,83940.193092368,34658.1845071336
373,2025-04-16 13:05:38.435,84031.00362096768,34744.443332041
374,2025-04-16 14:04:48.792,83773.76770684845,34500.175724039465
375,2025-04-16 15:59:10.696,84632.62914216601,35316.62801301845
376,2025-04-16 16:00:13.625,84632.62914216601,35316.62801301845
377,2025-04-16 17:04:30.133,84881.20601105259,35553.39554516987
378,2025-04-16 18:14:47.218,85164.83798446032,35823.799882130144
379,2025-04-16 19:02:51.869,83592.78870942906,34328.460356823925
380,2025-04-16 20:06:03.213,83927.46698655207,34646.09856873643
381,2025-04-16 21:01:43.080,84335.5094604819,35033.89423016225
382,2025-04-16 22:04:31.619,84407.0868388753,35101.9787738113
383,2025-04-16 23:04:35.151,84585.68630940643,35271.93833568502
384,2025-04-17 00:04:52.293,84463.89043079078,35156.0228011986
385,2025-04-17 01:05:26.229,84058.84766997752,34770.897490960706
386,2025-04-17 02:04:51.351,84169.25906554099,34875.82386895084
387,2025-04-17 03:04:56.846,84289.10887462631,34989.76719991389
388,2025-04-17 04:04:40.360,84233.9540809772,34937.32445570987
389,2025-04-17 05:00:40.869,83998.8765062859,34713.92324775265
390,2025-04-17 06:05:40.929,84114.96421410139,34824.2210212464
391,2025-04-17 07:03:39.373,84424.6075788509,35118.64717985553
392,2025-04-17 08:04:57.904,84780.57098208612,35457.51688218204
393,2025-04-17 09:04:40.116,84657.33004725928,35340.14627707031
394,2025-04-17 10:00:54.998,84470.83930024544,35162.63483621763
395,2025-04-17 11:03:03.153,84444.83113819316,35137.88821030792
396,2025-04-17 12:04:41.285,84338.83914942484,35037.061051290984
397,2025-04-17 13:07:07.341,84671.31259746742,35353.460264222784
398,2025-04-17 14:04:42.015,84752.81095552155,35431.07476119769
399,2025-04-17 15:04:33.231,84551.43324382056,35239.33399036679
400,2025-04-17 16:04:53.536,84116.88582337098,34826.04718144089
401,2025-04-17 17:03:54.434,84521.25838113441,35210.614805830766
402,2025-04-17 18:01:35.119,84896.92624338971,35568.375786061166
403,2025-04-17 19:06:44.836,85130.287718885,35790.846994620144
404,2025-04-17 20:04:57.605,85099.49107256206,35761.4774249755
405,2025-04-17 21:06:36.814,84850.50910583472,35524.1459565149
406,2025-04-17 22:04:57.436,85111.67393566275,35773.09538430395
407,2025-04-17 23:04:56.201,85056.76185615391,35720.733297624916
408,2025-04-18 00:02:19.439,84837.31546385802,35511.575326685415
409,2025-04-18 01:07:17.344,84946.9167296784,35616.0184638988
410,2025-04-18 02:04:53.827,84812.66058743586,35488.08620274022
411,2025-04-18 03:05:02.404,84932.22254470258,35602.013545775415
412,2025-04-18 04:09:09.142,84877.16175933217,35549.54179760301
413,2025-04-18 05:04:45.550,84819.48188695368,35494.584771812384
414,2025-04-18 06:04:45.687,84693.92576511695,35374.99357832652
415,2025-04-18 07:04:56.822,84680.34688547385,35362.062931414206
416,2025-04-18 08:09:09.932,84719.19044705047,35399.05379475952
417,2025-04-18 09:04:34.493,84641.30564762019,35324.88886940209
418,2025-04-18 10:06:39.364,84627.54918136004,35311.791524770255
419,2025-04-18 11:04:50.059,84546.0386285242,35234.19939486471
420,2025-04-18 12:09:30.139,84498.7745773988,35189.21763951618
421,2025-04-18 13:04:45.084,84593.66315889767,35279.5317946915
422,2025-04-18 14:07:32.287,84618.69491163455,35303.36182844413
423,2025-04-18 15:04:59.488,84543.30063719767,35231.593411692484
424,2025-04-18 16:03:49.491,84541.69566568747,35230.065833163266
425,2025-04-18 17:06:10.557,84382.34027186113,35078.43782600129
426,2025-04-18 18:07:26.835,84455.82994619277,35148.35323851126
427,2025-04-18 19:04:51.703,84543.02354629472,35231.32968171283
428,2025-04-18 20:03:48.592,84599.59333023877,35285.177082579634
429,2025-04-18 21:07:34.135,84535.96965601825,35224.61600652201
430,2025-04-18 22:04:55.138,84495.66839467015,35186.26171149133
431,2025-04-18 23:04:56.604,84589.93551188768,35275.98328272789
432,2025-04-19 00:04:09.563,84507.5553544359,35197.573841361074
433,2025-04-19 01:04:50.927,84447.77718147618,35140.69124005117
434,2025-04-19 02:04:52.944,84430.13416891031,35123.90513234363
435,2025-04-19 03:04:53.988,84537.56876723397,35226.13797663001
436,2025-04-19 04:04:39.291,84750.96113857607,35429.31285465381
437,2025-04-19 05:04:54.282,84873.33303095314,35545.89347056033
438,2025-04-19 06:04:56.887,85039.73101895596,35704.495315768814
439,2025-04-19 07:06:55.197,85065.22675131068,35728.80446662341
440,2025-04-19 08:09:28.012,84928.93649119227,35598.88172910951
441,2025-04-19 09:04:38.713,85188.51899516837,35846.388254554404
442,2025-04-19 10:04:47.420,85315.77967080926,35967.80788984731
443,2025-04-19 11:04:57.504,85348.12052038811,35998.6725797971
444,2025-04-19 12:04:51.582,85222.96773135632,35879.25074336573
445,2025-04-19 13:04:38.460,85196.3572478893,35853.86524800302
446,2025-04-19 14:00:52.596,85277.07094440877,35930.870352685946
447,2025-04-19 15:04:39.991,85450.83762577904,36096.723269317015
448,2025-04-19 16:09:26.840,85405.39779525725,36053.343644327535
449,2025-04-19 17:04:54.075,85216.9255110766,35873.48647182457
450,2025-04-19 18:04:48.535,84884.07476220753,35556.12919651921
451,2025-04-19 19:04:47.543,85152.68414164294,35812.20751552911
452,2025-04-19 20:04:57.549,85145.76108784041,35805.60450136166
453,2025-04-19 21:01:54.415,85081.67948116116,35744.49259674286
454,2025-04-19 22:04:53.819,85202.13526291905,35859.37708476213
455,2025-04-19 23:04:51.622,85317.39798374778,35969.352257788676
456,2025-04-20 00:04:56.247,85246.71284128349,35901.90468402334
457,2025-04-20 01:04:53.780,85089.15978095334,35751.62555757443
458,2025-04-20 02:04:39.515,85136.60177429907,35796.86884253697
459,2025-04-20 03:04:32.423,85279.66518510957,35933.345739829834
460,2025-04-20 04:04:45.251,85234.9939190133,35890.72406102393
461,2025-04-20 05:04:13.788,85143.828498931,35803.761279904524
462,2025-04-20 06:01:40.936,85195.6725951446,35853.212142541524
463,2025-04-20 07:01:18.578,85100.82279248716,35762.74737143333
464,2025-04-20 08:04:37.355,84950.9007313259,35619.8157075494
465,2025-04-20 09:04:51.704,84777.37613360975,35454.473579412115
466,2025-04-20 10:04:14.804,84631.43686608228,35315.492872666226
467,2025-04-20 11:04:43.986,84530.86583852716,35219.758454498755
468,2025-04-20 12:04:51.487,84160.54490886752,34867.541086964935
469,2025-04-20 13:04:46.210,84093.83367559967,34804.140907369554
470,2025-04-20 14:04:47.251,84347.36438378347,35045.169455559146
471,2025-04-20 15:04:30.800,84327.78944172559,35026.551972028225
472,2025-04-20 16:04:40.110,84612.56642329428,35297.527361945155
473,2025-04-20 17:04:44.724,84357.12486748009,35054.453016362764
474,2025-04-20 18:04:34.686,84598.16864692859,35283.82082986177
475,2025-04-20 19:04:48.198,84563.85942887008,35251.16160568797
476,2025-04-20 20:04:44.699,84561.23870595935,35248.667080061074
477,2025-04-20 21:04:45.731,84633.09631104583,35317.072795727574
478,2025-04-20 22:04:41.938,85074.9301477244,35738.05681590814
479,2025-04-20 23:04:19.496,85006.65839359477,35672.96504333393
480,2025-04-21 00:04:46.701,84832.44738276633,35506.93726390787
481,2025-04-21 01:04:43.007,85140.01930346077,35800.12826578329
482,2025-04-21 02:04:51.516,86714.02766242875,37305.1766365239
483,2025-04-21 03:04:54.376,87278.3464593321,37846.55856083089
484,2025-04-21 04:00:49.371,87325.35908063866,37891.70082581576
485,2025-04-21 05:04:42.687,87228.60184957321,37798.79969772395
486,2025-04-21 06:03:43.715,87323.94026251098,37890.338364274576
487,2025-04-21 07:01:03.805,87542.22595116406,38100.01893734273
488,2025-04-21 08:03:21.837,87506.67640355151,38065.86186771207
489,2025-04-21 09:04:39.700,87446.14418253464,38007.70867303179
490,2025-04-21 10:09:32.608,87636.20600701202,38190.33440950724
491,2025-04-21 11:04:26.878,87491.96387120764,38051.72663915939
492,2025-04-21 12:04:03.285,87345.61297579524,37911.150828948266
493,2025-04-21 13:03:35.731,86951.23393622616,37532.63137669378
494,2025-04-21 14:09:29.945,87029.4162966705,37607.63489224775
495,2025-04-21 15:04:28.438,87170.64212179757,37743.162375549764
496,2025-04-21 16:04:55.430,88183.22734480911,38716.49708359823
497,2025-04-21 17:04:54.922,88053.972667927,38592.09930271297
498,2025-04-21 18:04:45.909,87263.62426688836,37832.42334229283
499,2025-04-21 19:01:23.676,86906.81060010106,37490.02201203845
500,2025-04-21 20:09:38.984,86872.88362183892,37457.4841939493
501,2025-04-21 21:09:30.503,87267.08133220796,37835.74252015208
502,2025-04-21 22:04:42.002,87240.99623910723,37810.698672019615
503,2025-04-21 23:09:27.086,87133.19844863031,37707.22405116243
504,2025-04-22 00:03:19.294,87118.9841439109,37693.58223621631
505,2025-04-22 01:09:28.505,87530.85023993472,38089.08843705603
506,2025-04-22 02:05:04.323,87561.47787989446,38118.518209796195
507,2025-04-22 03:01:12.250,88427.93464457903,38952.12865184774
508,2025-04-22 04:04:35.682,88134.56104399524,38669.65432319513
509,2025-04-22 05:09:24.542,88206.8971608964,38739.28222654189
510,2025-04-22 06:04:50.874,88097.16160628853,38633.66047817482
511,2025-04-22 07:00:15.774,88353.8950523597,38880.81866936112
512,2025-04-22 08:05:34.804,88198.71827387622,38731.408864539786
513,2025-04-22 09:04:36.748,88439.4111997744,38963.1833668022
514,2025-04-22 10:09:23.190,88443.79494014631,38967.40606477615
515,2025-04-22 11:04:52.792,88523.46935894903,39044.162134066886
516,2025-04-22 12:05:39.540,88555.86571149474,39075.37650523685
517,2025-04-22 13:00:34.600,88615.97002846011,39133.29500249395
518,2025-04-22 14:04:40.292,88978.81535347943,39483.13830035298
519,2025-04-22 15:04:38.991,90194.6121299601,40657.70149820875
520,2025-04-22 16:04:52.197,90772.12442241653,41216.82559031169
521,2025-04-22 17:09:38.900,90907.45862548235,41347.95743384843
522,2025-04-22 18:05:40.803,90772.46208096718,41217.152714223696
523,2025-04-22 19:09:08.855,91486.13734433235,41909.11090520461
524,2025-04-22 20:04:49.028,91502.62798566568,41925.11249248985
525,2025-04-22 21:09:47.284,91443.57232155654,41867.81083196384
526,2025-04-22 22:00:38.567,91181.31706325726,41613.4332830952
527,2025-04-22 23:04:55.837,92780.03301369656,43166.30597315486
528,2025-04-23 00:09:36.120,92890.82073039186,43274.10369729531
529,2025-04-23 01:04:39.568,93518.26130183092,43885.04338446345
530,2025-04-23 02:05:14.054,92980.77660341187,43361.648880649176
531,2025-04-23 03:08:21.982,92765.40196195075,43152.0715359226
532,2025-04-23 04:09:19.281,92861.56559827678,43245.63585416851
533,2025-04-23 05:09:17.111,93191.46336099145,43566.748885388435
534,2025-04-23 06:04:47.950,93539.16589703153,43905.41065816
535,2025-04-23 07:01:08.330,93533.65711519695,43900.04339465805
536,2025-04-23 08:04:38.108,93680.63487801861,44043.26409390339
537,2025-04-23 09:09:29.580,93966.3329099382,44321.769358784266
538,2025-04-23 10:04:04.276,94294.96451438825,44642.30425452117
539,2025-04-23 11:06:57.683,93845.59854642389,44204.05697763943
540,2025-04-23 12:08:12.769,93715.60255843068,44077.34363518236
541,2025-04-23 13:04:45.244,93491.06534555122,43858.54764402323
542,2025-04-23 14:04:53.536,93772.95768584043,44133.24673307659
543,2025-04-23 15:04:59.472,93257.51177479739,43631.06288424567
544,2025-04-23 16:00:30.700,93028.64308888822,43408.23881728582
545,2025-04-23 17:04:26.279,93025.32634165006,43405.010385663125
546,2025-04-23 18:04:59.304,93660.67063956453,44023.80790547519
547,2025-04-23 19:04:55.546,93871.60137754977,44229.40678559264
548,2025-04-23 20:04:44.865,93702.96947748295,44065.03116786597
549,2025-04-23 21:04:33.892,93534.41629158678,43900.783064859745
550,2025-04-23 22:04:42.310,93720.32472543613,44081.94603199246
551,2025-04-23 23:05:59.898,93457.78218613163,43826.12325377083
552,2025-04-24 00:06:23.353,93775.79949419561,44136.01674918509
553,2025-04-24 01:05:09.302,93692.84058767844,44055.159544101305
554,2025-04-24 02:05:33.201,93433.21370990733,43802.18998292916
555,2025-04-24 03:04:52.135,93559.06623076717,43924.800217413336
556,2025-04-24 04:09:34.846,93177.55820369317,43553.20990230714
557,2025-04-24 05:06:27.582,92791.86738499445,43177.81984003481
558,2025-04-24 06:22:45.076,92830.13674508072,43215.054594404886
559,2025-04-24 07:24:09.724,92422.33360998418,42818.42092983546
560,2025-04-24 08:14:50.774,92481.314870863,42875.766849799445
561,2025-04-24 09:00:46.344,92215.58688600673,42617.4604071191
562,2025-04-24 10:04:47.074,91979.55746381238,42388.14035059674
563,2025-04-24 11:04:52.429,92439.36671109166,42834.98106682081
564,2025-04-24 12:04:44.572,92612.10443532834,43002.9541896154
565,2025-04-24 13:04:51.441,92619.17159627969,43009.82764772909
566,2025-04-24 14:04:57.746,92758.39429904126,43145.253979414294
567,2025-04-24 15:04:57.416,92792.50515530353,43178.440345501454
568,2025-04-24 16:09:28.467,93148.31526966579,43524.73821281667
569,2025-04-24 17:04:56.308,93263.62351695224,43637.014540645374
570,2025-04-24 18:09:48.436,93440.4683204101,43809.256914904305
571,2025-04-24 19:04:53.816,93008.71420843324,43388.84089687195
572,2025-04-24 20:04:47.205,93426.4096716433,43795.56205387771
573,2025-04-24 21:04:41.416,93646.9616071421,44010.44815423867
574,2025-04-24 22:04:09.109,93499.2338094935,43866.505653220454
575,2025-04-24 23:00:03.429,93368.35893682836,43739.017282489316
576,2025-04-25 00:01:45.573,93463.48432069764,43831.678119531614
577,2025-04-25 01:06:42.330,93950.39664992713,44306.23051359229
578,2025-04-25 02:09:27.251,93937.73291095014,44293.88289814529
579,2025-04-25 03:02:10.684,93724.29216200934,44085.812871668495
580,2025-04-25 04:07:12.949,93056.1298372759,43434.994463665964
581,2025-04-25 05:04:33.377,93340.28087687395,43711.66983943371
582,2025-04-25 06:04:50.391,93109.0023842389,43486.464657598866
583,2025-04-25 07:06:28.892,93263.24896812698,43636.64980045206
584,2025-04-25 08:00:20.630,93584.09278760613,43949.18544163892
585,2025-04-25 09:03:34.573,93768.70443780805,44129.10096114985
586,2025-04-25 10:09:35.239,93672.32266122216,44035.16331969466
587,2025-04-25 11:04:41.302,93826.3479104858,44185.290563997725
588,2025-04-25 12:02:51.869,93667.68760388183,44030.64622068137
589,2025-04-25 13:09:31.092,94610.85462379066,44950.58621829455
590,2025-04-25 14:04:42.627,94458.97869936838,44802.347069781754
591,2025-04-25 15:04:51.968,94489.4100285538,44832.04657960697
592,2025-04-25 16:04:54.616,95501.30690513337,45820.481355091404
593,2025-04-25 17:01:32.073,95132.21312364972,45459.752333823206
594,2025-04-25 18:02:18.402,95292.65874105405,45616.53503242162
595,2025-04-25 19:09:48.085,94715.48156893643,45052.73033358532
596,2025-04-25 20:04:59.896,95057.4656296913,45386.725490556375
597,2025-04-25 21:02:49.627,95182.4305032165,45508.818812496254
598,2025-04-25 22:05:59.576,94953.82159752958,45285.48233613489
599,2025-04-25 23:04:47.983,94682.09884824745,45020.13780840296
600,2025-04-26 00:04:42.984,94928.50897300708,45260.758738114666
601,2025-04-26 01:09:38.633,94800.21413700008,45135.465538399454
602,2025-04-26 02:05:32.469,94888.07294762752,45221.26584373006
603,2025-04-26 03:04:57.126,95066.6945668174,45395.74149140456
604,2025-04-26 04:04:39.206,95078.20905423805,45406.990502847824
605,2025-04-26 05:04:42.650,94791.3808696889,45126.83993758761
606,2025-04-26 06:06:35.268,94642.75101322084,44981.72375678563
607,2025-04-26 07:04:51.081,94671.43197965455,45009.72382502804
608,2025-04-26 08:00:03.751,94734.50640966927,45071.30567175051
609,2025-04-26 09:02:02.029,94687.45719807257,45025.36919661191
610,2025-04-26 10:00:22.845,94413.16016295046,44757.63335047355
611,2025-04-26 11:08:52.585,94272.05009027116,44619.94833146342
612,2025-04-26 12:08:01.761,94283.01021932048,44630.64121311614
613,2025-04-26 13:04:02.061,94189.89391089336,44539.80199672109
614,2025-04-26 14:09:40.469,94293.46684998806,44640.84306568544
615,2025-04-26 15:09:47.356,94103.96485256299,44455.98755893611
616,2025-04-26 16:09:59.427,94305.68621590677,44652.76494168967
617,2025-04-26 17:04:46.285,94400.20474084756,44744.99096805304
618,2025-04-26 18:04:44.853,94295.89439764651,44643.21149244065
619,2025-04-26 19:02:44.127,94356.36388475669,44702.21155224907
620,2025-04-26 20:08:36.883,94222.6479037988,44571.75331156636
621,2025-04-26 21:09:49.954,94375.50019793019,44720.884149015634
622,2025-04-26 22:09:07.622,94211.33026101453,44560.71281264447
623,2025-04-26 23:04:52.473,94379.96507670345,44725.24092350191
624,2025-04-27 00:02:10.001,94749.59569570786,45086.03886923187
625,2025-04-27 01:03:27.656,94665.59782689773,45004.0280660849
626,2025-04-27 02:04:56.964,94915.7893105099,45248.335459796275
627,2025-04-27 03:04:51.462,94305.62927021507,44652.709381791254
628,2025-04-27 04:04:56.347,94357.67472686237,44703.49060972671
629,2025-04-27 05:06:09.291,94208.71672021072,44558.16330303074
630,2025-04-27 06:05:15.825,94066.04042250656,44419.000484954544
631,2025-04-27 07:05:07.325,93935.71681033401,44291.91715123996
632,2025-04-27 08:01:52.282,94020.6114665585,44374.69766992497
633,2025-04-27 09:05:24.098,94099.61866309473,44451.748664762184
634,2025-04-27 10:04:57.311,94243.8134242909,44592.40112799726
635,2025-04-27 11:00:03.880,94186.57489664084,44536.564422463496
636,2025-04-27 12:06:23.248,94077.48711673608,44430.16399413278
637,2025-04-27 13:05:48.613,93951.79052641905,44307.589612113035
638,2025-04-27 14:12:35.272,93780.92738165492,44141.015127802064
639,2025-04-27 15:09:54.041,94056.02974497322,44409.237653341406
640,2025-04-27 16:03:14.675,94012.54230975345,44366.82891688397
641,2025-04-27 17:05:15.224,93931.92039415007,44288.21557296184
642,2025-04-27 18:04:49.764,93878.00807425859,44235.65277092272
643,2025-04-27 19:04:46.310,94058.43364934066,44411.582025529686
644,2025-04-27 20:08:06.269,94313.65279047523,44660.537701644804
645,2025-04-27 21:04:52.413,94438.10991685066,44781.98105174307
646,2025-04-27 22:04:55.766,94335.7782572878,44682.125459570554
647,2025-04-27 23:05:13.363,94386.94133688205,44732.04834149924
648,2025-04-28 00:09:36.186,93875.1098671888,44232.82725612384
649,2025-04-28 01:04:56.593,93801.93640023789,44161.49403490192
650,2025-04-28 02:01:33.167,93473.59896331423,43841.53167701943
651,2025-04-28 03:04:56.658,92972.1233992771,43353.22690751437
652,2025-04-28 04:04:37.908,93591.78111122278,43956.676970360444
653,2025-04-28 05:04:58.089,93898.55817619186,44255.68786436715
654,2025-04-28 06:01:09.877,94052.92982265026,44406.21451480992
655,2025-04-28 07:12:25.580,94337.99091792513,44684.28439261755
656,2025-04-28 08:09:21.027,94592.80364525352,44932.965448838295
657,2025-04-28 09:04:33.975,94719.80077278939,45056.94743414421
658,2025-04-28 10:04:36.188,94726.46121377338,45063.45048731701
659,2025-04-28 11:09:29.796,94753.04302427365,45089.404898190354
660,2025-04-28 12:02:52.487,95095.05194869367,45423.44545824039
661,2025-04-28 13:06:04.374,95209.88562041643,45535.6464226243
662,2025-04-28 14:02:53.485,95379.01155145206,45700.933512305135
663,2025-04-28 15:04:48.768,94160.65951029157,44511.285587355494
664,2025-04-28 16:07:34.634,94518.10809357835,44860.05594272944
665,2025-04-28 17:08:27.201,93743.29134255854,44104.330705025335
666,2025-04-28 18:09:40.584,93768.16716030957,44128.57726250446
667,2025-04-28 19:04:53.496,94088.3492259459,44440.75759157525
668,2025-04-28 20:09:23.238,94370.37788531507,44715.88590044529
669,2025-04-28 21:06:56.100,94724.26140981507,45061.30265708528
670,2025-04-28 22:06:37.946,94489.78433827849,44832.41189760955
671,2025-04-28 23:05:46.289,94524.79413287721,44866.581728955054
672,2025-04-29 00:09:41.062,94892.31622725037,45225.41002675936
673,2025-04-29 01:05:43.303,95023.30123616234,45353.35056707489
674,2025-04-29 02:09:19.570,95092.15593412973,45420.61611423971
675,2025-04-29 03:01:26.787,95037.6842700234,45367.4010064911
676,2025-04-29 04:04:53.530,94634.34775291583,44973.52025410142
677,2025-04-29 05:04:55.231,94711.85582595154,45049.190324897354
678,2025-04-29 06:04:53.801,94402.8475887107,44747.56993403708
679,2025-04-29 07:05:22.025,94309.34150552544,44656.331290185335
680,2025-04-29 08:04:52.243,94736.90399716885,45073.64665384471
681,2025-04-29 09:01:38.575,94945.88818709119,45277.733423696685
682,2025-04-29 10:07:57.608,95036.50761795617,45366.25155076562
683,2025-04-29 11:05:39.216,94982.69960125435,45313.68962823938
684,2025-04-29 12:04:36.095,94844.8964248396,45179.09934170159
685,2025-04-29 13:03:57.804,95138.9826524075,45466.366478385324
686,2025-04-29 14:09:38.716,94821.9984027527,45156.73821693419
687,2025-04-29 15:04:58.101,94844.97712552836,45179.178151706335
688,2025-04-29 16:09:44.671,95008.0858721801,45338.48741144805
689,2025-04-29 17:04:22.446,94884.37969661214,45217.65886817965
690,2025-04-29 18:04:37.831,95126.89727545314,45454.558554764866
691,2025-04-29 19:01:14.419,95246.67705322705,45571.59886100936
692,2025-04-29 20:03:27.598,95432.6412390394,45753.35542943962
693,2025-04-29 21:00:41.912,95352.38806277467,45674.911296955084
694,2025-04-29 22:04:57.772,94869.96433327574,45203.58046698326
695,2025-04-29 23:02:36.643,94734.09131013733,45070.90037340626
696,2025-04-30 00:06:44.527,94172.7308096848,44523.06023881007
697,2025-04-30 01:04:51.368,94274.73761715383,44622.570307678165
698,2025-04-30 02:04:49.115,94516.29757229747,44858.28882957257
699,2025-04-30 03:09:25.292,94518.40205174654,44860.342853630566
700,2025-04-30 04:09:22.839,94648.3447693538,44987.18460679844
701,2025-04-30 05:00:40.885,95025.12104407264,45355.1282749731
702,2025-04-30 06:04:36.956,95035.54414534067,45365.31034888483
703,2025-04-30 07:06:29.945,94946.4723594617,45278.30400713989
704,2025-04-30 08:19:28.119,94835.45943330207,45169.88351744551
705,2025-04-30 09:04:44.227,94613.33654937492,44953.00903489323
706,2025-04-30 10:09:14.860,94750.99713603835,45087.40725650217
707,2025-04-30 11:07:30.402,94918.12565036309,45250.61734007117
708,2025-04-30 12:06:02.959,94977.78012458209,45308.88431341027
709,2025-04-30 13:06:42.415,95184.3208761479,45510.665940627645
710,2025-04-30 14:10:00.008,94554.20540577683,44895.288958723446
711,2025-04-30 15:09:36.746,93438.4113920031,43807.253190000425
712,2025-04-30 16:02:25.834,93852.9834130323,44211.2562625413
713,2025-04-30 17:09:31.882,93960.92369309088,44316.49498576908
714,2025-04-30 18:17:26.505,93852.7884446117,44211.06619243747
715,2025-04-30 19:09:37.689,94160.41262165838,44511.0447685553
716,2025-04-30 20:07:16.214,94112.51913791492,44464.33075873194
717,2025-04-30 21:09:53.976,94243.79947751077,44592.38752209836
718,2025-04-30 22:11:53.463,94635.11580314163,44974.270041755466
719,2025-04-30 22:55:53.000,94501.82476274384,44844.16321167732
